set,on_target,role,primer,len,n_mismatch,on_ctrl_mm,off_target_src,off_pos,off_strand,tm_off_2,tm_off_4,tm_off_6,tm_off_8,tm_off_10,tm_on_2,tm_on_8,tm_on_10,crosses63,crossing_mg,strong_cross,near_boundary
"A. marginale msp1b (Giglioti et al. 2019, Exp Appl Acarol)",amarginale,F3,GCACTACCGTTCATGGATGA,20,4,0,"A. centrale CP001759.1",309392,-,30.09,33.14,34.01,34.48,34.77,55.62,60.54,60.86,false,,false,false
"A. marginale msp1b (Giglioti et al. 2019, Exp Appl Acarol)",amarginale,B3,TCCCCTGTGATATCTGTGCC,20,4,0,"A. centrale CP001759.1",884013,-,37.06,40.39,41.35,41.87,42.21,57.34,62.06,62.36,false,,false,false
"A. marginale msp1b (Giglioti et al. 2019, Exp Appl Acarol)",amarginale,FIP(F2 core),CACCTGACACTGGTGAGAAG,20,3,0,"A. ovis Haibei CP015994.1",30936,+,60.43,63.97,64.97,65.49,65.83,56.11,60.80,61.09,true,3.45,true,true
"A. marginale msp1b (Giglioti et al. 2019, Exp Appl Acarol)",amarginale,BIP(B2 core),TTCCGCGAGCATGTGCA,17,2,0,"A. centrale CP001759.1",1098709,+,46.12,50.04,51.16,51.75,52.13,57.76,63.23,63.57,false,,false,false
"A. marginale msp1b (Giglioti et al. 2019, Exp Appl Acarol)",amarginale,LF,TCACCCGCTGGTACTTCAA,19,3,0,"A. centrale CP001759.1",1171815,+,35.69,39.09,40.08,40.60,40.94,56.62,61.71,62.03,false,,false,false
"A. marginale msp1b (Giglioti et al. 2019, Exp Appl Acarol)",amarginale,LB,GCCTGGAGATGTTAGACCGA,20,4,0,"A. centrale CP001759.1",297137,-,55.96,59.70,60.79,61.37,61.75,57.23,61.94,62.24,false,,false,true
"M. tuberculosis IS6110 (Bentaleb et al. 2016, BMC Infect Dis 16:517)",mtb,F3,TCTCGTCCAGCGCCGCTT,18,0,0,"M. bovis AF2122/97 NC_002945.4",1267892,-,62.79,66.27,67.20,67.67,67.95,62.79,67.67,67.95,true,2.12,true,false
"M. tuberculosis IS6110 (Bentaleb et al. 2016, BMC Infect Dis 16:517)",mtb,B3,GCGGGTCCAGATGGCTTG,18,0,0,"M. bovis AF2122/97 NC_002945.4",3081812,+,59.41,62.83,63.73,64.19,64.47,59.41,64.19,64.47,true,4.38,true,false
"M. tuberculosis IS6110 (Bentaleb et al. 2016, BMC Infect Dis 16:517)",mtb,FIP(F2 core),CCAGCACCTAACCGGCTG,18,0,0,"M. bovis AF2122/97 NC_002945.4",1267917,-,59.04,62.44,63.35,63.81,64.08,59.04,63.81,64.08,true,5.23,true,false
"M. tuberculosis IS6110 (Bentaleb et al. 2016, BMC Infect Dis 16:517)",mtb,BIP(B2 core),TCGCGTCGAGGACCATGG,18,0,0,"M. bovis AF2122/97 NC_002945.4",3081835,+,60.29,63.72,64.64,65.09,65.37,60.29,65.09,65.37,true,3.58,true,false
"M. tuberculosis IS6110 (Bentaleb et al. 2016, BMC Infect Dis 16:517)",mtb,LF,TCGACACATAGGTGAGGTC,19,0,0,"M. bovis AF2122/97 NC_002945.4",3081943,+,53.93,57.44,58.42,58.93,59.26,53.93,58.93,59.26,false,,false,false
"M. tuberculosis IS6110 (Bentaleb et al. 2016, BMC Infect Dis 16:517)",mtb,LB,TCGCTTCCACGATGGCCA,18,0,0,"M. bovis AF2122/97 NC_002945.4",1268032,-,59.94,63.54,64.52,65.02,65.32,59.94,65.02,65.32,true,3.7,true,false
"SARS-CoV-2 spike (Prakash et al. 2023, MethodsX)",sars2spike,F3,TGGTGATATTGCTGCTAGA,19,1,0,"Bat CoV RaTG13 MN996532.2",24070,+,50.14,53.87,54.95,55.52,55.89,50.76,56.17,56.54,false,,false,false
"SARS-CoV-2 spike (Prakash et al. 2023, MethodsX)",sars2spike,B3,GCACTATTAAATTGGTGGGC,20,2,1,"Bat CoV RaTG13 MN996532.2",5520,-,41.20,44.61,45.61,46.14,46.48,52.66,57.72,58.07,false,,false,false
"SARS-CoV-2 spike (Prakash et al. 2023, MethodsX)",sars2spike,FIP(F2 core),CACCTTTGCTCACAGATG,18,0,0,"Bat CoV RaTG13 MN996532.2",24132,+,50.98,54.71,55.77,56.32,56.67,50.98,56.32,56.67,false,,false,false
"SARS-CoV-2 spike (Prakash et al. 2023, MethodsX)",sars2spike,BIP(B2 core),TCTGTGTAACTCCAATACCA,20,0,0,"Bat CoV RaTG13 MN996532.2",5569,-,50.93,54.56,55.62,56.19,56.55,50.93,56.19,56.55,false,,false,false
"SARS-CoV-2 spike (Prakash et al. 2023, MethodsX)",sars2spike,LF,GCTAACAGTGCAGAAGTGTATT,22,1,0,"Bat CoV RaTG13 MN996532.2",5673,-,48.30,51.67,52.66,53.19,53.54,54.33,59.19,59.53,false,,false,false
"SARS-CoV-2 spike (Prakash et al. 2023, MethodsX)",sars2spike,LB,GCTATGCAAATGGCTTATAGGT,22,1,0,"Bat CoV RaTG13 MN996532.2",24242,+,52.22,55.54,56.51,57.02,57.36,54.34,59.20,59.54,false,,false,false
"DENV-1 (Hu et al. 2015, BMC Microbiology 15:265)",denv1,F3,TGTGTTCCTCCTTCTCATAATG,22,6,0,"DENV-4 AY947539.1",2318,-,33.49,36.79,37.78,38.33,38.68,53.35,58.18,58.52,false,,false,false
"DENV-1 (Hu et al. 2015, BMC Microbiology 15:265)",denv1,B3,CAGACTCAATCCAATCGTAAGA,22,5,0,"DENV-2 AF038403.1",1992,+,22.54,25.72,26.68,27.22,27.57,53.36,58.19,58.52,false,,false,false
"DENV-1 (Hu et al. 2015, BMC Microbiology 15:265)",denv1,FIP(F2 core),GGACAATTGACATGGAATGATC,22,6,0,"DENV-4 AY947539.1",1771,+,28.29,31.36,32.28,32.78,33.10,53.16,57.98,58.32,false,,false,false
"DENV-1 (Hu et al. 2015, BMC Microbiology 15:265)",denv1,BIP(B2 core),CTTCTCTAGATGTTAGTCTGCG,22,5,0,"DENV-3 M93130.1",6927,-,30.45,33.69,34.66,35.20,35.55,53.74,58.36,58.68,false,,false,false
"DENV-1 (Hu et al. 2015, BMC Microbiology 15:265)",denv1,LF,CCAACCATGATGCATAACCTG,21,6,0,"DENV-3 M93130.1",2591,+,32.34,35.72,36.73,37.28,37.64,55.23,60.01,60.33,false,,false,false
"DENV-1 (Hu et al. 2015, BMC Microbiology 15:265)",denv1,LB,ATGAGACCAATGTTCGCTGT,20,5,0,"DENV-3 M93130.1",2306,-,-16.96,-14.43,-13.66,-13.25,-12.97,55.18,60.33,60.67,false,,false,false
"Zika (da Silva et al. 2019)",zika,F3,CAGTTCACACGGCCCTTG,18,5,0,"Spondweni DQ859064.1",1661,+,-3.05,-0.47,0.26,0.64,0.88,56.85,61.82,62.13,false,,false,false
"Zika (da Silva et al. 2019)",zika,B3,TGTACCTCCACTGTGACTGT,20,4,0,"Spondweni DQ859064.1",8429,-,21.71,24.59,25.42,25.86,26.14,56.07,61.00,61.32,false,,false,false
"Zika (da Silva et al. 2019)",zika,FIP(F2 core),GGCGACATTTCAAGTGGCCAGAGAGCTCTGGAGGCTGAGA,40,17,13,"Spondweni DQ859064.1",2658,+,100.95,103.93,104.86,105.37,105.72,76.52,78.87,79.01,false,,false,false
"Zika (da Silva et al. 2019)",zika,BIP(B2 core),AGTGTTTCAGCCGGGATCT,19,6,0,"Spondweni DQ859064.1",8456,-,47.81,51.79,52.98,53.62,54.03,56.74,61.83,62.16,false,,false,false
"Zika (da Silva et al. 2019)",zika,LF,CCTTCCCTTTGCACCATCCA,20,4,0,"DENV-2 AF038403.1",9154,-,20.67,23.53,24.35,24.78,25.06,58.67,63.43,63.73,false,,false,false
"Zika (da Silva et al. 2019)",zika,LB,TACCGCAGCGTTCACATTCA,20,6,0,"Spondweni DQ859064.1",1794,+,17.85,20.89,21.78,22.27,22.58,58.06,63.05,63.38,false,,false,false
